Rent_Date,Rent_Number,Product_ID,Library_Card_Number,Credit_Rent,Return_Date,Order_Quantity
2025-08-02,Rent01,PROD43,STC59,59,2018-07-27,6
2025-10-30,Rent02,PROD39,STC18,18,2025-01-26,2
2018-06-28,Rent03,PROD29,STC32,32,2024-10-12,6
2021-10-18,Rent04,PROD38,STC24,24,2025-10-08,2
2024-01-01,Rent05,PROD40,STC93,93,2025-09-27,1
2019-09-05,Rent06,PROD22,STC25,25,2025-11-14,2
2024-10-21,Rent07,PROD46,STC96,96,2026-03-30,2
2022-10-27,Rent08,PROD50,STC40,40,2024-09-13,20
2021-02-27,Rent09,PROD44,STC67,67,2026-01-04,7
2025-12-19,Rent10,PROD28,STC80,80,2025-02-17,13
2024-09-06,Rent11,PROD20,STC63,63,2026-04-19,8
2020-10-15,Rent12,PROD46,STC59,59,2024-10-07,5
2019-01-14,Rent13,PROD28,STC74,74,2025-01-02,1
2025-02-07,Rent14,PROD48,STC73,73,2025-10-07,12
2017-02-28,Rent15,PROD43,STC55,55,2024-10-28,1
2020-01-08,Rent16,PROD39,STC82,82,2025-06-27,11
2021-04-20,Rent17,PROD27,STC22,22,2025-07-12,19
2019-02-17,Rent18,PROD20,STC17,17,2025-11-01,16
2024-09-08,Rent19,PROD46,STC75,75,2026-02-10,13
2021-09-14,Rent20,PROD30,STC39,39,2025-06-09,7
2019-03-28,Rent21,PROD10,STC37,37,2026-02-28,13
2026-05-25,Rent22,PROD43,STC13,13,2026-04-20,18
2020-05-11,Rent23,PROD35,STC43,43,2025-03-14,10
2022-03-18,Rent24,PROD13,STC37,37,2025-10-31,11
2019-07-29,Rent25,PROD25,STC93,93,2025-10-28,13
2018-10-29,Rent26,PROD10,STC89,89,2024-11-04,20
2021-11-03,Rent27,PROD27,STC16,16,2025-03-07,17
2019-05-04,Rent28,PROD14,STC66,66,2026-03-07,13
2021-11-04,Rent29,PROD33,STC22,22,2025-08-31,13
2019-03-29,Rent30,PROD38,STC97,97,2025-03-05,6
2026-06-21,Rent31,PROD40,STC35,35,2026-06-08,20
2021-11-04,Rent32,PROD22,STC90,90,2024-10-26,17
2024-07-31,Rent33,PROD36,STC68,68,2026-05-10,3
2026-03-01,Rent34,PROD24,STC83,83,2024-10-18,14
2026-06-05,Rent35,PROD32,STC31,31,2026-02-05,11
2023-07-17,Rent36,PROD30,STC100,0,2025-01-15,7
2024-08-18,Rent37,PROD12,STC30,30,2026-03-15,4
2024-03-31,Rent38,PROD13,STC26,26,2026-05-09,18
2022-01-16,Rent39,PROD30,STC22,22,2026-05-31,7
2023-01-27,Rent40,PROD15,STC71,71,2026-08-07,19
2024-07-25,Rent41,PROD14,STC82,82,2025-07-28,16
2023-07-31,Rent42,PROD43,STC52,52,2025-03-08,5
2024-08-29,Rent43,PROD47,STC23,23,2024-10-22,10
2019-07-25,Rent44,PROD25,STC50,50,2026-02-04,12
2020-05-10,Rent45,PROD10,STC52,52,2026-03-17,14
2018-05-14,Rent46,PROD29,STC57,57,2025-11-12,11
2023-01-13,Rent47,PROD39,STC36,36,2026-01-05,3
2017-11-28,Rent48,PROD42,STC35,35,2025-09-05,11
2020-12-19,Rent49,PROD46,STC69,69,2024-11-19,6
2022-07-24,Rent50,PROD43,STC55,55,2026-07-14,6
2025-09-20,Rent51,PROD35,STC73,73,2025-03-28,10
2017-10-10,Rent52,PROD39,STC25,25,2024-10-03,10
2023-06-01,Rent53,PROD22,STC98,98,2026-06-03,18
2022-08-14,Rent54,PROD47,STC75,75,2026-03-16,4
2025-03-23,Rent55,PROD45,STC41,41,2025-02-10,7
2020-01-10,Rent56,PROD45,STC83,83,2025-10-28,12
2020-06-19,Rent57,PROD13,STC78,78,2026-03-28,17
2018-05-08,Rent58,PROD48,STC55,55,2025-05-21,13
2017-01-01,Rent59,PROD43,STC22,22,2026-03-20,10
2017-07-30,Rent60,PROD35,STC56,56,2025-11-11,13
2019-11-25,Rent61,PROD15,STC16,16,2024-12-13,8
2018-07-29,Rent62,PROD47,STC74,74,2025-06-05,4
2017-06-27,Rent63,PROD15,STC94,94,2026-01-21,5
2018-11-03,Rent64,PROD25,STC86,86,2025-01-10,11
2024-12-29,Rent65,PROD43,STC80,80,2026-08-17,1
2024-08-02,Rent66,PROD13,STC32,32,2026-02-13,5
2023-09-06,Rent67,PROD47,STC30,30,2025-09-29,16
2024-09-20,Rent68,PROD37,STC12,12,2024-11-27,12
2026-01-07,Rent69,PROD50,STC23,23,2024-10-06,2
2025-08-30,Rent70,PROD39,STC43,43,2025-12-28,1
2024-04-17,Rent71,PROD34,STC72,72,2026-07-08,15
2023-09-30,Rent72,PROD29,STC22,22,2026-04-03,1
2024-11-04,Rent73,PROD17,STC83,83,2025-01-23,19
2019-12-11,Rent74,PROD37,STC15,15,2025-11-28,12
2021-06-01,Rent75,PROD45,STC22,22,2025-07-09,11
2024-06-14,Rent76,PROD15,STC66,66,2025-10-14,11
2024-08-02,Rent77,PROD46,STC11,11,2025-02-07,13
2023-03-07,Rent78,PROD21,STC65,65,2024-12-12,16
2023-08-20,Rent79,PROD26,STC23,23,2025-08-19,7
2021-03-25,Rent80,PROD14,STC75,75,2025-12-02,14
2021-03-07,Rent81,PROD16,STC17,17,2024-09-01,2
2020-08-24,Rent82,PROD48,STC52,52,2024-11-27,5
2022-09-16,Rent83,PROD13,STC53,53,2026-05-23,10
2023-08-14,Rent84,PROD25,STC55,55,2025-07-24,18
2019-12-11,Rent85,PROD32,STC18,18,2025-06-04,1
2020-06-29,Rent86,PROD42,STC87,87,2025-07-30,1
2022-12-09,Rent87,PROD42,STC30,30,2026-03-17,6
2020-09-26,Rent88,PROD12,STC50,50,2026-04-30,11
2023-08-14,Rent89,PROD39,STC99,99,2026-03-21,7
2022-05-24,Rent90,PROD27,STC57,57,2026-06-05,11
2019-08-05,Rent91,PROD28,STC94,94,2025-11-06,13
2022-06-24,Rent92,PROD26,STC72,72,2025-03-26,12
2026-02-17,Rent93,PROD23,STC98,98,2024-10-22,2
2018-04-30,Rent94,PROD13,STC91,91,2025-11-30,20
2022-11-03,Rent95,PROD14,STC11,11,2024-08-31,15
2022-09-10,Rent96,PROD47,STC48,48,2025-08-25,3
2019-11-13,Rent97,PROD39,STC25,25,2025-10-11,11
2017-07-31,Rent98,PROD28,STC39,39,2024-09-24,12
2018-06-11,Rent99,PROD40,STC75,75,2026-07-14,5
2021-10-21,Rent100,PROD20,STC42,42,2025-09-23,11
2024-10-03,Rent101,PROD49,STC60,60,2025-01-03,12
2024-01-01,Rent102,PROD19,STC14,14,2026-06-10,12
2022-07-28,Rent103,PROD31,STC58,58,2025-10-28,11
2022-02-27,Rent104,PROD41,STC22,22,2024-12-31,15
2026-02-04,Rent105,PROD12,STC16,16,2026-05-02,1
2019-06-14,Rent106,PROD31,STC19,19,2024-08-20,8
2019-07-11,Rent107,PROD18,STC61,61,2026-01-16,9
2021-03-29,Rent108,PROD38,STC64,64,2024-08-30,6
2025-03-09,Rent109,PROD21,STC100,0,2026-02-05,14
2019-01-13,Rent110,PROD23,STC55,55,2025-07-29,16
2025-02-21,Rent111,PROD42,STC83,83,2025-04-01,7
2024-03-27,Rent112,PROD39,STC49,49,2025-09-03,3
2022-02-12,Rent113,PROD24,STC78,78,2024-09-06,4
2026-04-06,Rent114,PROD39,STC48,48,2025-09-26,1
2023-04-02,Rent115,PROD48,STC52,52,2025-02-08,13
2018-11-18,Rent116,PROD48,STC81,81,2025-01-12,9
2023-09-30,Rent117,PROD15,STC20,20,2025-06-15,2
2022-03-21,Rent118,PROD20,STC25,25,2025-01-24,13
2022-01-21,Rent119,PROD23,STC65,65,2026-03-06,14
2024-05-18,Rent120,PROD30,STC93,93,2025-10-17,5
2024-08-11,Rent121,PROD15,STC29,29,2026-01-13,13
2017-04-14,Rent122,PROD35,STC38,38,2025-04-28,6
2021-08-12,Rent123,PROD38,STC73,73,2024-11-26,5
2020-03-07,Rent124,PROD34,STC91,91,2024-09-10,18
2024-02-09,Rent125,PROD10,STC48,48,2025-02-27,7
2023-05-12,Rent126,PROD14,STC99,99,2024-12-21,8
2022-04-06,Rent127,PROD32,STC28,28,2025-11-13,10
2020-02-20,Rent128,PROD38,STC60,60,2026-04-05,9
2022-06-05,Rent129,PROD21,STC57,57,2025-02-12,11
2018-09-01,Rent130,PROD16,STC56,56,2026-04-13,10
2021-10-05,Rent131,PROD20,STC77,77,2025-10-22,15
2017-09-22,Rent132,PROD13,STC80,80,2025-11-24,1
2024-04-21,Rent133,PROD41,STC67,67,2026-07-19,17
2020-08-04,Rent134,PROD14,STC67,67,2025-04-10,20
2026-05-26,Rent135,PROD46,STC22,22,2025-04-16,11
2023-03-18,Rent136,PROD42,STC75,75,2024-09-23,6
2022-11-12,Rent137,PROD42,STC20,20,2025-10-17,1
2019-03-16,Rent138,PROD50,STC55,55,2026-07-20,4
2026-04-08,Rent139,PROD25,STC30,30,2026-02-02,3
2021-04-10,Rent140,PROD14,STC62,62,2026-03-12,20
2021-04-28,Rent141,PROD14,STC15,15,2024-10-11,4
2021-10-22,Rent142,PROD20,STC92,92,2025-06-12,16
2022-02-23,Rent143,PROD29,STC58,58,2024-08-31,20
2025-12-16,Rent144,PROD35,STC20,20,2025-09-06,14
2024-05-02,Rent145,PROD39,STC50,50,2025-11-13,7
2026-06-07,Rent146,PROD20,STC16,16,2026-04-01,7
2020-11-10,Rent147,PROD49,STC53,53,2026-07-21,4
2022-01-16,Rent148,PROD28,STC16,16,2026-06-06,18
2022-06-24,Rent149,PROD41,STC65,65,2025-01-03,3
2018-05-10,Rent150,PROD25,STC96,96,2024-12-18,20
2020-10-07,Rent151,PROD10,STC50,50,2026-04-24,11
2017-05-07,Rent152,PROD17,STC96,96,2025-11-11,3
2017-08-25,Rent153,PROD30,STC65,65,2025-05-21,8
2018-08-06,Rent154,PROD41,STC33,33,2026-06-01,5
2024-06-29,Rent155,PROD13,STC26,26,2024-09-05,16
2022-10-24,Rent156,PROD19,STC35,35,2025-01-16,2
2022-02-27,Rent157,PROD27,STC79,79,2026-02-11,10
2024-02-05,Rent158,PROD40,STC38,38,2026-04-05,6
2020-04-28,Rent159,PROD43,STC12,12,2025-10-25,13
2026-04-20,Rent160,PROD22,STC28,28,2026-06-17,14
2019-08-16,Rent161,PROD24,STC71,71,2026-05-07,15
2019-10-27,Rent162,PROD21,STC80,80,2024-11-21,7
2017-03-11,Rent163,PROD25,STC46,46,2024-10-11,1
2017-04-15,Rent164,PROD40,STC83,83,2026-03-30,15
2024-09-02,Rent165,PROD32,STC34,34,2024-07-27,12
2024-11-15,Rent166,PROD45,STC19,19,2024-10-10,20
2025-03-31,Rent167,PROD25,STC45,45,2026-05-28,4
2017-03-19,Rent168,PROD32,STC53,53,2024-12-27,1
2017-07-09,Rent169,PROD45,STC51,51,2025-05-24,15
2025-12-13,Rent170,PROD19,STC94,94,2026-07-27,5
2019-11-10,Rent171,PROD34,STC18,18,2025-11-17,13
2020-01-20,Rent172,PROD11,STC42,42,2024-09-05,14
2020-03-10,Rent173,PROD40,STC23,23,2026-02-19,2
2018-09-01,Rent174,PROD45,STC17,17,2025-08-15,16
2021-03-10,Rent175,PROD33,STC77,77,2025-05-19,7
2017-10-31,Rent176,PROD13,STC83,83,2025-08-21,3
2024-01-09,Rent177,PROD34,STC100,0,2026-03-22,17
2017-06-13,Rent178,PROD19,STC54,54,2025-06-02,10
2020-04-06,Rent179,PROD13,STC23,23,2025-01-18,16
2024-03-11,Rent180,PROD32,STC80,80,2024-11-21,18
2018-06-21,Rent181,PROD45,STC97,97,2025-07-24,13
2021-12-23,Rent182,PROD20,STC32,32,2025-07-01,9
2021-01-26,Rent183,PROD42,STC91,91,2026-08-07,15
2019-09-06,Rent184,PROD35,STC76,76,2025-03-31,1
2022-12-17,Rent185,PROD48,STC24,24,2025-09-18,12
2021-09-25,Rent186,PROD15,STC65,65,2026-06-29,4
2023-05-30,Rent187,PROD41,STC49,49,2025-01-13,15
2018-11-02,Rent188,PROD17,STC76,76,2025-02-22,1
2020-07-24,Rent189,PROD48,STC18,18,2025-08-12,13
2017-07-27,Rent190,PROD21,STC88,88,2024-11-16,8
2017-05-02,Rent191,PROD26,STC25,25,2025-11-03,18
2020-01-03,Rent192,PROD11,STC20,20,2025-04-11,17
2026-07-10,Rent193,PROD11,STC91,91,2025-05-21,13
2017-08-11,Rent194,PROD16,STC87,87,2024-12-18,3
2021-01-07,Rent195,PROD16,STC95,95,2025-02-04,15
2024-05-19,Rent196,PROD44,STC73,73,2025-01-09,19
2021-07-23,Rent197,PROD26,STC69,69,2026-06-03,16
2026-01-18,Rent198,PROD36,STC23,23,2024-11-17,4
2019-08-10,Rent199,PROD11,STC46,46,2026-01-21,4
2020-01-22,Rent200,PROD11,STC71,71,2026-03-31,16
2024-02-27,Rent201,PROD41,STC50,50,2026-03-25,5
2023-05-14,Rent202,PROD44,STC54,54,2025-05-12,11
2021-01-01,Rent203,PROD48,STC42,42,2025-04-07,9
2022-10-16,Rent204,PROD34,STC24,24,2025-06-05,18
2025-10-05,Rent205,PROD19,STC55,55,2025-12-09,5
2026-05-16,Rent206,PROD46,STC33,33,2025-11-28,4
2022-05-17,Rent207,PROD44,STC31,31,2025-12-20,2
2021-12-06,Rent208,PROD29,STC48,48,2025-09-24,12
2022-07-25,Rent209,PROD30,STC25,25,2025-08-01,13
2019-08-22,Rent210,PROD33,STC73,73,2026-04-19,4
2024-03-01,Rent211,PROD41,STC10,10,2025-01-29,13
2017-08-20,Rent212,PROD18,STC15,15,2024-10-20,7
2025-09-07,Rent213,PROD19,STC20,20,2025-01-21,7
2024-12-06,Rent214,PROD27,STC91,91,2025-08-09,7
2019-09-05,Rent215,PROD10,STC70,70,2025-09-02,8
2022-10-24,Rent216,PROD13,STC99,99,2026-01-23,17
2023-06-06,Rent217,PROD23,STC100,0,2025-12-30,11
2026-04-14,Rent218,PROD41,STC40,40,2024-09-19,9
2023-11-06,Rent219,PROD29,STC85,85,2025-07-17,3
2023-06-23,Rent220,PROD15,STC55,55,2026-01-29,9
2026-03-14,Rent221,PROD37,STC86,86,2024-09-10,4
2023-03-16,Rent222,PROD31,STC73,73,2025-08-09,1
2022-01-11,Rent223,PROD33,STC32,32,2024-08-01,4
2019-11-29,Rent224,PROD36,STC94,94,2025-02-11,8
2019-02-11,Rent225,PROD43,STC66,66,2025-08-02,13
2024-07-03,Rent226,PROD41,STC50,50,2024-08-29,17
2023-12-24,Rent227,PROD12,STC25,25,2025-11-29,10
2020-09-05,Rent228,PROD42,STC79,79,2025-11-25,5
2019-08-12,Rent229,PROD12,STC20,20,2026-01-17,12
2025-04-13,Rent230,PROD49,STC59,59,2025-12-29,16
2023-12-22,Rent231,PROD33,STC47,47,2026-04-10,19
2023-12-18,Rent232,PROD12,STC24,24,2024-09-22,17
2024-11-14,Rent233,PROD11,STC91,91,2026-08-20,16
2025-01-30,Rent234,PROD28,STC85,85,2025-12-29,18
2025-05-12,Rent235,PROD40,STC32,32,2025-10-28,12
2025-07-09,Rent236,PROD35,STC20,20,2026-03-11,3
2021-10-08,Rent237,PROD27,STC36,36,2026-01-28,7
2018-09-06,Rent238,PROD22,STC15,15,2025-01-12,7
2019-08-03,Rent239,PROD26,STC49,49,2025-10-02,7
2020-12-26,Rent240,PROD50,STC47,47,2026-03-12,7
2018-05-16,Rent241,PROD39,STC28,28,2024-12-17,3
2020-04-11,Rent242,PROD34,STC23,23,2025-11-19,19
2024-06-05,Rent243,PROD28,STC19,19,2024-08-27,5
2020-04-16,Rent244,PROD39,STC84,84,2026-03-31,3
2026-03-18,Rent245,PROD11,STC10,10,2026-05-02,15
2017-02-21,Rent246,PROD11,STC63,63,2026-01-10,13
2020-11-26,Rent247,PROD43,STC97,97,2025-06-06,14
2024-06-03,Rent248,PROD44,STC73,73,2025-09-25,18
2017-09-19,Rent249,PROD50,STC82,82,2025-11-06,20
2019-01-27,Rent250,PROD25,STC51,51,2024-10-10,15
2018-12-26,Rent251,PROD18,STC40,40,2026-03-21,12
2020-12-05,Rent252,PROD49,STC99,99,2026-01-28,7
2020-05-21,Rent253,PROD28,STC66,66,2024-08-26,14
2023-01-21,Rent254,PROD49,STC74,74,2025-11-14,13
2023-12-12,Rent255,PROD43,STC67,67,2025-10-07,18
2017-05-27,Rent256,PROD33,STC45,45,2026-02-22,3
2020-12-02,Rent257,PROD17,STC13,13,2025-03-28,9
2022-04-25,Rent258,PROD18,STC38,38,2025-08-01,8
2024-02-29,Rent259,PROD25,STC28,28,2025-09-18,9
2018-05-19,Rent260,PROD29,STC49,49,2026-05-13,16
2025-03-01,Rent261,PROD14,STC47,47,2025-08-26,6
2025-03-08,Rent262,PROD40,STC53,53,2026-05-03,1
2020-03-17,Rent263,PROD11,STC81,81,2025-12-25,18
2018-05-15,Rent264,PROD21,STC73,73,2024-08-30,8
2024-04-18,Rent265,PROD47,STC18,18,2025-08-11,16
2018-09-18,Rent266,PROD31,STC80,80,2024-10-12,16
2024-10-05,Rent267,PROD23,STC72,72,2025-06-17,18
2017-11-20,Rent268,PROD18,STC18,18,2025-10-14,18
2024-04-20,Rent269,PROD24,STC43,43,2026-06-22,19
2020-10-05,Rent270,PROD14,STC10,10,2026-04-19,20
2025-06-05,Rent271,PROD47,STC37,37,2024-09-12,6
2024-06-07,Rent272,PROD20,STC86,86,2025-01-12,1
2019-04-04,Rent273,PROD39,STC78,78,2026-03-17,9
2026-06-06,Rent274,PROD17,STC22,22,2025-11-24,14
2026-03-24,Rent275,PROD48,STC34,34,2024-10-22,4
2019-04-01,Rent276,PROD10,STC36,36,2025-01-05,14
2025-01-27,Rent277,PROD32,STC20,20,2026-06-10,5
2022-11-17,Rent278,PROD36,STC87,87,2026-05-20,19
2018-11-19,Rent279,PROD39,STC20,20,2025-08-16,19
2020-10-28,Rent280,PROD21,STC89,89,2024-12-04,4
2021-04-22,Rent281,PROD50,STC16,16,2025-01-23,17
2018-11-02,Rent282,PROD28,STC80,80,2025-11-05,8
2023-02-18,Rent283,PROD40,STC30,30,2026-04-17,19
2025-08-09,Rent284,PROD18,STC96,96,2026-01-13,20
2021-07-07,Rent285,PROD24,STC22,22,2026-03-16,8
2019-05-30,Rent286,PROD17,STC46,46,2026-03-10,4
2026-04-13,Rent287,PROD44,STC26,26,2025-06-11,7
2022-12-19,Rent288,PROD34,STC55,55,2025-05-24,15
2021-07-17,Rent289,PROD50,STC52,52,2025-07-24,18
2025-03-27,Rent290,PROD40,STC60,60,2025-07-16,5
2022-01-07,Rent291,PROD12,STC86,86,2026-08-10,7
2021-03-03,Rent292,PROD41,STC84,84,2026-07-06,13
2020-11-19,Rent293,PROD40,STC96,96,2025-01-31,16
2017-04-27,Rent294,PROD15,STC95,95,2026-05-02,5
2017-03-22,Rent295,PROD46,STC100,0,2024-06-10,14
2022-09-13,Rent296,PROD44,STC63,63,2024-11-28,18
2025-07-10,Rent297,PROD30,STC81,81,2024-10-15,17
2019-03-08,Rent298,PROD28,STC61,61,2026-07-18,1
2020-09-15,Rent299,PROD40,STC10,10,2024-08-10,2
2023-06-22,Rent300,PROD31,STC27,27,2026-01-19,15
2024-10-11,Rent301,PROD47,STC95,95,2026-01-20,6
2023-02-05,Rent302,PROD34,STC97,97,2024-11-01,3
2024-05-23,Rent303,PROD12,STC13,13,2025-03-06,13
2024-06-23,Rent304,PROD12,STC14,14,2024-12-25,1
2017-05-16,Rent305,PROD14,STC76,76,2025-09-18,10
2019-07-23,Rent306,PROD50,STC59,59,2025-07-18,16
2018-12-17,Rent307,PROD19,STC40,40,2025-08-11,19
2017-01-06,Rent308,PROD24,STC25,25,2026-04-10,5
2021-09-14,Rent309,PROD24,STC25,25,2026-01-21,10
2024-06-18,Rent310,PROD13,STC60,60,2025-08-02,6
2019-05-17,Rent311,PROD20,STC22,22,2024-11-01,17
2025-05-07,Rent312,PROD28,STC47,47,2025-09-07,13
2023-08-05,Rent313,PROD31,STC49,49,2026-04-16,2
2022-06-22,Rent314,PROD17,STC48,48,2025-06-29,8
2022-05-17,Rent315,PROD33,STC24,24,2025-07-16,1
2023-02-09,Rent316,PROD21,STC47,47,2026-04-18,16
2022-10-28,Rent317,PROD42,STC32,32,2024-07-10,12
2022-05-21,Rent318,PROD26,STC51,51,2025-07-26,1
2023-08-18,Rent319,PROD19,STC87,87,2025-05-24,7
2025-12-04,Rent320,PROD31,STC60,60,2025-01-20,11
2019-04-08,Rent321,PROD40,STC52,52,2026-01-22,2
2018-09-21,Rent322,PROD26,STC12,12,2024-07-26,19
2017-02-03,Rent323,PROD28,STC61,61,2025-02-06,18
2025-07-28,Rent324,PROD45,STC66,66,2024-10-06,15
2022-12-24,Rent325,PROD21,STC98,98,2025-09-21,11
2022-10-30,Rent326,PROD17,STC66,66,2025-07-31,6
2026-04-17,Rent327,PROD48,STC27,27,2025-10-22,19
2020-06-15,Rent328,PROD25,STC91,91,2025-02-11,5
2022-03-30,Rent329,PROD47,STC75,75,2026-02-27,4
2026-04-01,Rent330,PROD36,STC65,65,2026-01-02,19
2020-06-01,Rent331,PROD33,STC35,35,2026-06-27,20
2020-04-16,Rent332,PROD48,STC34,34,2025-10-09,10
2020-07-12,Rent333,PROD28,STC85,85,2024-11-21,17
2017-09-20,Rent334,PROD32,STC80,80,2026-07-25,6
2022-06-19,Rent335,PROD43,STC46,46,2024-07-30,11
2026-01-28,Rent336,PROD26,STC29,29,2025-06-02,15
2022-06-02,Rent337,PROD28,STC30,30,2026-05-14,9
2020-02-17,Rent338,PROD13,STC18,18,2025-05-18,12
2020-05-10,Rent339,PROD12,STC51,51,2024-12-08,1
2024-07-28,Rent340,PROD23,STC42,42,2025-10-08,17
2024-12-18,Rent341,PROD46,STC92,92,2026-01-29,2
2019-11-09,Rent342,PROD22,STC54,54,2025-08-17,13
2024-05-09,Rent343,PROD24,STC77,77,2026-08-13,2
2023-07-15,Rent344,PROD37,STC94,94,2026-01-31,8
2022-06-13,Rent345,PROD44,STC35,35,2025-09-04,14
2022-01-05,Rent346,PROD38,STC34,34,2026-06-24,14
2023-08-05,Rent347,PROD18,STC17,17,2026-03-12,19
2018-11-13,Rent348,PROD19,STC34,34,2024-07-24,16
2021-10-09,Rent349,PROD26,STC78,78,2024-12-29,14
2024-02-04,Rent350,PROD30,STC24,24,2024-08-29,2
2018-12-28,Rent351,PROD42,STC19,19,2025-11-25,19
2017-08-15,Rent352,PROD17,STC42,42,2025-02-03,8
2018-01-22,Rent353,PROD44,STC32,32,2024-11-04,7
2020-06-26,Rent354,PROD37,STC42,42,2025-09-14,3
2020-12-28,Rent355,PROD25,STC51,51,2025-05-30,5
2018-06-09,Rent356,PROD14,STC46,46,2025-03-26,19
2019-12-21,Rent357,PROD40,STC15,15,2025-04-09,4
2017-02-26,Rent358,PROD27,STC60,60,2025-06-17,8
2026-03-29,Rent359,PROD41,STC94,94,2026-06-25,18
2017-10-21,Rent360,PROD50,STC91,91,2026-08-10,10
2026-01-16,Rent361,PROD13,STC12,12,2025-12-24,17
2020-06-15,Rent362,PROD17,STC35,35,2025-06-24,4
2022-02-26,Rent363,PROD10,STC81,81,2026-01-11,2
2024-09-10,Rent364,PROD13,STC57,57,2025-11-12,2
2021-06-06,Rent365,PROD11,STC52,52,2026-01-05,18
2021-07-28,Rent366,PROD20,STC51,51,2025-04-29,7
2025-09-22,Rent367,PROD37,STC10,10,2026-05-20,10
2026-04-30,Rent368,PROD36,STC38,38,2024-10-20,9
2018-09-02,Rent369,PROD41,STC73,73,2024-11-16,11
2025-11-28,Rent370,PROD23,STC55,55,2026-04-30,16
2019-10-01,Rent371,PROD33,STC72,72,2026-06-05,10
2017-08-12,Rent372,PROD37,STC84,84,2025-01-27,12
2023-10-03,Rent373,PROD27,STC58,58,2024-12-07,16
2024-01-12,Rent374,PROD47,STC77,77,2026-02-10,12
2020-08-08,Rent375,PROD23,STC44,44,2025-11-27,17
2017-05-18,Rent376,PROD36,STC12,12,2025-11-05,17
2017-04-18,Rent377,PROD25,STC57,57,2024-10-11,17
2017-11-01,Rent378,PROD19,STC55,55,2025-10-11,1
2023-05-10,Rent379,PROD31,STC93,93,2025-11-15,7
2025-09-21,Rent380,PROD40,STC100,0,2026-04-06,6
2019-08-16,Rent381,PROD31,STC60,60,2025-10-23,11
2019-02-23,Rent382,PROD12,STC48,48,2026-03-31,16
2022-02-18,Rent383,PROD45,STC84,84,2025-10-28,19
2020-09-11,Rent384,PROD41,STC20,20,2026-04-13,11
2024-04-18,Rent385,PROD33,STC36,36,2025-10-14,19
2024-07-16,Rent386,PROD46,STC50,50,2025-02-02,20
2023-10-25,Rent387,PROD22,STC39,39,2025-03-24,5
2021-04-11,Rent388,PROD14,STC18,18,2024-08-25,11
2021-06-25,Rent389,PROD19,STC31,31,2026-06-03,5
2018-05-28,Rent390,PROD45,STC51,51,2026-02-27,15
2024-03-29,Rent391,PROD34,STC51,51,2025-01-14,17
2020-05-22,Rent392,PROD22,STC93,93,2024-10-29,10
2020-01-18,Rent393,PROD40,STC90,90,2025-09-07,17
2021-02-14,Rent394,PROD25,STC26,26,2024-08-07,19
2021-09-12,Rent395,PROD47,STC70,70,2025-10-23,10
2019-11-28,Rent396,PROD29,STC18,18,2025-09-22,11
2026-06-29,Rent397,PROD40,STC50,50,2025-04-26,14
2024-08-16,Rent398,PROD23,STC46,46,2026-05-31,13
2025-09-09,Rent399,PROD32,STC67,67,2025-09-29,19
2019-12-23,Rent400,PROD36,STC33,33,2026-03-30,19
2023-10-19,Rent401,PROD35,STC70,70,2025-03-20,7
2025-11-06,Rent402,PROD44,STC49,49,2025-05-13,2
2025-08-14,Rent403,PROD34,STC47,47,2026-06-25,19
2026-06-15,Rent404,PROD18,STC72,72,2025-12-09,4
2024-12-18,Rent405,PROD19,STC79,79,2024-09-24,17
2026-05-25,Rent406,PROD18,STC95,95,2025-08-05,8
2020-11-13,Rent407,PROD43,STC73,73,2026-02-14,11
2026-07-06,Rent408,PROD20,STC39,39,2025-08-08,14
2025-09-27,Rent409,PROD14,STC26,26,2025-03-02,11
2020-08-10,Rent410,PROD18,STC38,38,2024-08-23,4
2017-12-26,Rent411,PROD42,STC73,73,2025-06-02,4
2022-09-05,Rent412,PROD15,STC53,53,2026-07-21,8
2026-07-01,Rent413,PROD16,STC18,18,2024-08-07,14
2023-10-19,Rent414,PROD41,STC39,39,2026-06-14,18
2018-12-13,Rent415,PROD30,STC43,43,2025-11-23,11
2025-10-16,Rent416,PROD11,STC89,89,2025-01-23,20
2022-11-10,Rent417,PROD43,STC87,87,2025-04-12,12
2022-11-02,Rent418,PROD27,STC99,99,2024-11-27,16
2021-10-02,Rent419,PROD14,STC95,95,2025-08-22,7
2021-02-22,Rent420,PROD16,STC46,46,2026-07-14,9
2023-08-11,Rent421,PROD48,STC11,11,2025-08-27,3
2023-10-23,Rent422,PROD35,STC50,50,2025-12-18,2
2021-01-23,Rent423,PROD43,STC92,92,2025-08-02,15
2018-06-08,Rent424,PROD24,STC22,22,2024-10-23,20
2018-05-06,Rent425,PROD47,STC18,18,2026-02-17,1
2025-01-17,Rent426,PROD47,STC47,47,2025-08-27,11
2025-02-25,Rent427,PROD17,STC60,60,2025-02-09,3
2019-05-14,Rent428,PROD36,STC96,96,2025-10-05,4
2018-12-02,Rent429,PROD49,STC19,19,2025-12-27,14
2019-05-26,Rent430,PROD15,STC47,47,2025-11-07,18
2020-05-05,Rent431,PROD22,STC28,28,2025-04-05,18
2021-01-13,Rent432,PROD18,STC42,42,2026-01-05,1
2020-03-10,Rent433,PROD49,STC89,89,2026-01-08,19
2018-11-24,Rent434,PROD40,STC100,0,2024-06-15,6
2022-08-23,Rent435,PROD26,STC66,66,2025-06-04,13
2021-08-16,Rent436,PROD23,STC11,11,2024-08-09,11
2020-04-22,Rent437,PROD44,STC98,98,2026-01-16,13
2023-07-11,Rent438,PROD48,STC87,87,2025-07-05,18
2019-03-18,Rent439,PROD39,STC37,37,2026-06-01,13
2021-10-12,Rent440,PROD36,STC55,55,2026-07-04,19
2018-09-14,Rent441,PROD32,STC35,35,2026-01-31,2
2019-08-20,Rent442,PROD38,STC92,92,2025-07-21,18
2023-05-10,Rent443,PROD37,STC62,62,2025-03-16,16
2026-01-23,Rent444,PROD31,STC60,60,2026-07-12,18
2019-08-23,Rent445,PROD13,STC86,86,2026-08-19,6
2017-12-09,Rent446,PROD16,STC30,30,2025-07-24,18
2026-05-09,Rent447,PROD15,STC64,64,2025-11-22,6
2025-02-21,Rent448,PROD10,STC25,25,2025-03-15,1
2024-09-26,Rent449,PROD21,STC89,89,2024-12-26,10
2023-07-29,Rent450,PROD49,STC42,42,2026-02-28,13
2026-02-03,Rent451,PROD41,STC72,72,2026-04-16,10
2025-04-12,Rent452,PROD15,STC36,36,2025-08-22,5
2024-06-12,Rent453,PROD10,STC41,41,2024-08-31,14
2025-03-14,Rent454,PROD29,STC85,85,2026-03-29,20
2017-02-01,Rent455,PROD26,STC77,77,2026-01-17,18
2025-11-12,Rent456,PROD22,STC51,51,2025-03-07,12
2023-04-09,Rent457,PROD39,STC99,99,2024-11-24,14
2022-03-09,Rent458,PROD46,STC34,34,2025-10-15,17
2022-03-26,Rent459,PROD40,STC18,18,2025-06-30,11
2024-07-03,Rent460,PROD48,STC15,15,2024-07-12,12
2019-11-11,Rent461,PROD33,STC99,99,2026-09-05,9
2020-02-18,Rent462,PROD49,STC42,42,2024-08-23,7
2026-04-07,Rent463,PROD18,STC95,95,2025-03-11,4
2017-04-26,Rent464,PROD29,STC47,47,2026-05-03,16
2024-12-12,Rent465,PROD37,STC82,82,2026-05-07,7
2026-06-03,Rent466,PROD11,STC20,20,2025-04-10,11
2020-01-13,Rent467,PROD24,STC80,80,2026-02-24,12
2022-09-17,Rent468,PROD23,STC61,61,2026-06-09,13
2019-02-11,Rent469,PROD49,STC97,97,2024-10-05,18
2019-11-01,Rent470,PROD19,STC26,26,2026-04-20,5
2023-04-26,Rent471,PROD32,STC84,84,2025-09-03,13
2024-01-12,Rent472,PROD29,STC66,66,2024-10-31,13
2017-09-25,Rent473,PROD44,STC87,87,2025-01-13,8
2022-04-18,Rent474,PROD39,STC15,15,2024-12-25,11
2024-05-07,Rent475,PROD45,STC37,37,2026-01-21,8
2026-05-31,Rent476,PROD34,STC53,53,2025-08-21,8
2021-11-24,Rent477,PROD22,STC49,49,2024-08-10,19
2017-03-24,Rent478,PROD27,STC35,35,2026-06-10,12
2025-04-16,Rent479,PROD22,STC78,78,2026-03-10,5
2018-03-19,Rent480,PROD24,STC39,39,2026-06-04,16
2020-07-20,Rent481,PROD36,STC23,23,2024-12-03,19
2023-01-22,Rent482,PROD35,STC83,83,2026-06-21,4
2025-03-06,Rent483,PROD50,STC24,24,2024-07-28,7
2020-11-10,Rent484,PROD38,STC42,42,2025-08-03,14
2023-08-18,Rent485,PROD14,STC11,11,2025-09-06,19
2021-01-07,Rent486,PROD12,STC50,50,2025-11-16,6
2026-06-15,Rent487,PROD18,STC34,34,2026-05-29,14
2024-05-06,Rent488,PROD17,STC79,79,2026-04-08,5
2023-08-30,Rent489,PROD25,STC59,59,2025-01-30,7
2022-06-07,Rent490,PROD19,STC32,32,2025-12-25,7
2017-03-18,Rent491,PROD46,STC30,30,2026-06-07,18
2024-05-10,Rent492,PROD14,STC90,90,2024-11-13,18
2022-12-19,Rent493,PROD36,STC28,28,2025-10-15,12
2020-11-25,Rent494,PROD32,STC63,63,2025-05-25,20
2021-04-01,Rent495,PROD40,STC81,81,2025-09-07,18
2020-07-30,Rent496,PROD33,STC63,63,2025-05-14,6
2019-08-08,Rent497,PROD15,STC52,52,2025-03-11,3
2020-03-03,Rent498,PROD15,STC59,59,2024-10-18,18
2021-08-24,Rent499,PROD21,STC29,29,2024-08-27,16
2024-07-20,Rent500,PROD46,STC58,58,2024-10-14,17
2021-10-16,Rent501,PROD32,STC86,86,2025-09-22,10
2025-09-07,Rent502,PROD16,STC62,62,2026-01-27,18
2024-06-03,Rent503,PROD33,STC79,79,2025-02-22,5
2023-08-07,Rent504,PROD47,STC89,89,2026-03-09,18
2020-10-01,Rent505,PROD48,STC98,98,2025-04-17,2
2017-03-07,Rent506,PROD46,STC81,81,2025-12-30,17
2025-10-30,Rent507,PROD11,STC32,32,2025-03-05,1
2024-10-22,Rent508,PROD50,STC41,41,2025-08-16,3
2024-04-19,Rent509,PROD48,STC57,57,2024-12-04,12
2021-12-19,Rent510,PROD14,STC50,50,2025-04-15,2
2019-05-30,Rent511,PROD37,STC38,38,2024-07-24,16
2020-05-28,Rent512,PROD12,STC94,94,2025-06-11,3
2018-08-20,Rent513,PROD29,STC37,37,2024-09-16,15
2019-05-06,Rent514,PROD40,STC55,55,2025-02-01,7
2021-12-03,Rent515,PROD35,STC68,68,2024-08-20,14
2026-04-24,Rent516,PROD22,STC98,98,2025-05-27,10
2025-11-04,Rent517,PROD39,STC79,79,2025-09-13,20
2024-01-31,Rent518,PROD22,STC82,82,2025-04-28,3
2018-08-11,Rent519,PROD35,STC99,99,2026-03-11,18
2018-07-01,Rent520,PROD13,STC55,55,2024-11-18,8
2022-05-15,Rent521,PROD15,STC99,99,2025-06-22,2
2021-01-28,Rent522,PROD18,STC75,75,2024-11-05,11
2025-03-30,Rent523,PROD47,STC96,96,2026-04-09,20
2020-04-07,Rent524,PROD28,STC21,21,2025-10-26,12
2021-12-07,Rent525,PROD28,STC26,26,2026-01-05,7
2020-10-22,Rent526,PROD23,STC15,15,2025-10-17,6
2021-05-30,Rent527,PROD16,STC20,20,2026-03-25,8
2018-03-12,Rent528,PROD33,STC62,62,2025-09-28,14
2025-10-01,Rent529,PROD49,STC34,34,2025-03-16,14
2023-06-16,Rent530,PROD30,STC39,39,2026-01-25,6
2020-04-19,Rent531,PROD12,STC34,34,2025-06-07,6
2022-08-30,Rent532,PROD46,STC95,95,2025-10-11,1
2024-02-11,Rent533,PROD29,STC84,84,2026-06-14,8
2021-12-10,Rent534,PROD22,STC23,23,2025-11-27,10
2026-05-26,Rent535,PROD24,STC96,96,2026-04-17,16
2020-12-21,Rent536,PROD31,STC90,90,2025-10-07,9
2017-05-13,Rent537,PROD41,STC70,70,2025-08-18,2
2023-05-02,Rent538,PROD37,STC17,17,2026-04-20,2
2024-03-30,Rent539,PROD21,STC72,72,2024-11-13,18
2018-01-22,Rent540,PROD49,STC35,35,2025-02-25,9
2020-07-26,Rent541,PROD48,STC69,69,2025-09-15,16
2022-02-18,Rent542,PROD50,STC48,48,2026-04-05,11
2022-12-25,Rent543,PROD30,STC88,88,2025-11-22,9
2021-09-18,Rent544,PROD33,STC94,94,2024-10-03,19
2022-07-17,Rent545,PROD33,STC23,23,2025-01-01,11
2019-04-05,Rent546,PROD43,STC48,48,2026-05-06,13
2023-02-09,Rent547,PROD20,STC57,57,2025-08-23,3
2018-05-30,Rent548,PROD32,STC66,66,2024-12-01,3
2023-12-05,Rent549,PROD34,STC22,22,2025-11-29,7
2018-01-28,Rent550,PROD21,STC84,84,2026-05-29,14
2017-10-25,Rent551,PROD24,STC28,28,2025-08-17,6
2020-06-27,Rent552,PROD50,STC42,42,2025-12-10,17
2024-10-02,Rent553,PROD37,STC54,54,2025-11-06,15
2018-06-23,Rent554,PROD10,STC37,37,2025-10-19,8
2022-01-22,Rent555,PROD35,STC42,42,2025-04-16,3
2017-07-17,Rent556,PROD18,STC61,61,2025-07-25,11
2019-07-11,Rent557,PROD32,STC25,25,2026-04-30,2
2026-04-23,Rent558,PROD49,STC73,73,2024-09-25,6
2017-11-01,Rent559,PROD39,STC75,75,2026-02-12,14
2018-02-25,Rent560,PROD30,STC59,59,2024-11-25,1
2019-03-26,Rent561,PROD43,STC56,56,2024-11-05,12
2020-12-07,Rent562,PROD47,STC46,46,2026-02-12,18
2019-06-21,Rent563,PROD47,STC19,19,2024-11-20,3
2017-03-21,Rent564,PROD44,STC26,26,2024-10-29,3
2017-12-28,Rent565,PROD18,STC53,53,2026-01-13,18
2023-02-19,Rent566,PROD44,STC11,11,2025-12-27,2
2019-08-10,Rent567,PROD20,STC66,66,2025-02-03,3
2023-11-09,Rent568,PROD40,STC78,78,2025-04-19,14
2019-09-21,Rent569,PROD28,STC91,91,2025-03-20,12
2018-10-16,Rent570,PROD28,STC97,97,2025-09-11,5
2022-05-09,Rent571,PROD24,STC34,34,2025-07-29,11
2025-08-08,Rent572,PROD38,STC58,58,2026-04-18,8
2023-07-28,Rent573,PROD26,STC98,98,2026-05-09,10
2019-10-26,Rent574,PROD44,STC31,31,2025-12-05,13
2023-12-19,Rent575,PROD35,STC55,55,2025-08-14,20
2020-09-13,Rent576,PROD12,STC97,97,2026-07-25,10
2025-01-05,Rent577,PROD38,STC64,64,2024-11-05,2
2026-06-09,Rent578,PROD36,STC19,19,2026-01-07,6
2020-03-22,Rent579,PROD43,STC93,93,2024-09-14,2
2017-01-23,Rent580,PROD37,STC51,51,2025-07-18,16
2025-06-23,Rent581,PROD44,STC23,23,2025-12-08,19
2023-11-23,Rent582,PROD30,STC69,69,2026-04-28,20
2021-08-16,Rent583,PROD22,STC33,33,2024-10-31,13
2017-03-29,Rent584,PROD41,STC43,43,2024-09-10,18
2024-07-19,Rent585,PROD31,STC78,78,2025-09-11,18
2017-04-21,Rent586,PROD27,STC61,61,2025-08-02,6
2023-10-29,Rent587,PROD41,STC99,99,2026-05-31,18
2023-06-12,Rent588,PROD31,STC54,54,2025-05-06,14
2018-07-03,Rent589,PROD10,STC26,26,2025-07-06,16
2020-02-27,Rent590,PROD11,STC35,35,2024-09-25,8
2025-10-10,Rent591,PROD39,STC18,18,2024-11-17,4
2021-05-08,Rent592,PROD15,STC84,84,2026-06-05,17
2023-07-16,Rent593,PROD36,STC43,43,2026-01-03,8
2023-01-14,Rent594,PROD39,STC17,17,2025-12-16,8
2021-02-07,Rent595,PROD25,STC33,33,2025-05-27,5
2021-09-16,Rent596,PROD41,STC39,39,2025-01-12,19
2018-03-16,Rent597,PROD41,STC57,57,2026-01-27,10
2026-06-06,Rent598,PROD47,STC54,54,2024-12-15,8
2022-04-16,Rent599,PROD46,STC87,87,2025-04-24,4
2019-04-09,Rent600,PROD34,STC98,98,2026-05-06,14
2025-05-18,Rent601,PROD21,STC17,17,2024-11-24,20
2024-08-20,Rent602,PROD21,STC16,16,2024-12-05,18
2022-06-09,Rent603,PROD22,STC36,36,2025-03-18,13
2018-09-30,Rent604,PROD24,STC56,56,2024-12-18,5
2020-10-15,Rent605,PROD47,STC78,78,2026-06-20,10
2021-09-04,Rent606,PROD23,STC62,62,2025-07-22,2
2018-09-21,Rent607,PROD21,STC86,86,2025-05-11,17
2024-09-03,Rent608,PROD24,STC97,97,2025-04-10,6
2023-02-11,Rent609,PROD21,STC53,53,2025-04-23,10
2017-04-13,Rent610,PROD24,STC34,34,2026-03-08,19
2017-09-28,Rent611,PROD29,STC49,49,2026-01-02,5
2019-12-17,Rent612,PROD14,STC83,83,2024-09-24,11
2023-01-26,Rent613,PROD21,STC94,94,2025-10-18,14
2026-01-05,Rent614,PROD45,STC50,50,2025-04-29,19
2022-10-23,Rent615,PROD19,STC34,34,2025-03-25,20
2024-08-18,Rent616,PROD23,STC35,35,2025-01-08,12
2022-02-04,Rent617,PROD11,STC40,40,2025-03-17,2
2022-02-01,Rent618,PROD41,STC25,25,2026-03-20,4
2018-10-08,Rent619,PROD34,STC35,35,2024-08-12,2
2017-07-09,Rent620,PROD35,STC17,17,2025-10-02,4
2025-07-03,Rent621,PROD40,STC37,37,2025-10-23,13
2019-06-18,Rent622,PROD31,STC48,48,2024-11-21,13
2021-04-04,Rent623,PROD24,STC83,83,2025-08-04,15
2019-01-23,Rent624,PROD44,STC98,98,2025-10-10,3
2018-12-02,Rent625,PROD50,STC35,35,2026-03-23,3
2025-02-01,Rent626,PROD45,STC82,82,2024-10-01,14
2017-11-29,Rent627,PROD14,STC47,47,2024-07-26,14
2022-04-09,Rent628,PROD22,STC72,72,2025-12-03,8
2019-12-19,Rent629,PROD35,STC76,76,2025-07-30,3
2020-03-12,Rent630,PROD32,STC42,42,2024-08-26,20
2024-05-22,Rent631,PROD32,STC86,86,2025-07-06,7
2018-02-20,Rent632,PROD40,STC75,75,2025-05-07,10
2023-01-09,Rent633,PROD24,STC78,78,2026-07-13,18
2023-12-22,Rent634,PROD12,STC89,89,2025-04-08,13
2022-06-25,Rent635,PROD27,STC33,33,2026-04-14,1
2017-01-04,Rent636,PROD40,STC19,19,2025-06-12,17
2022-02-25,Rent637,PROD14,STC56,56,2025-10-30,9
2021-12-25,Rent638,PROD33,STC60,60,2026-01-19,7
2025-05-07,Rent639,PROD31,STC52,52,2025-08-16,13
2019-11-24,Rent640,PROD25,STC63,63,2026-03-09,14
2025-04-30,Rent641,PROD29,STC53,53,2024-12-06,1
2017-09-04,Rent642,PROD39,STC10,10,2026-04-03,1
2025-07-16,Rent643,PROD10,STC54,54,2025-08-23,8
2017-11-03,Rent644,PROD31,STC13,13,2026-04-27,14
2020-03-20,Rent645,PROD32,STC73,73,2025-03-06,12
2018-03-08,Rent646,PROD12,STC20,20,2026-05-12,17
2023-02-24,Rent647,PROD46,STC13,13,2025-09-06,17
2023-02-10,Rent648,PROD35,STC84,84,2026-02-28,3
2021-01-07,Rent649,PROD11,STC70,70,2025-04-06,18
2018-07-24,Rent650,PROD36,STC13,13,2025-06-11,16
2026-04-17,Rent651,PROD33,STC44,44,2024-08-03,18
2023-09-11,Rent652,PROD45,STC100,0,2025-10-25,7
2019-12-18,Rent653,PROD24,STC81,81,2026-08-16,12
2018-04-20,Rent654,PROD44,STC100,0,2025-10-29,5
2018-08-12,Rent655,PROD35,STC86,86,2024-10-15,6
2025-11-25,Rent656,PROD23,STC22,22,2026-06-06,16
2018-01-18,Rent657,PROD43,STC73,73,2026-01-25,20
2026-06-09,Rent658,PROD44,STC92,92,2026-02-04,2
2021-06-18,Rent659,PROD13,STC30,30,2024-09-30,4
2018-02-27,Rent660,PROD30,STC74,74,2025-07-07,20
2025-04-07,Rent661,PROD44,STC81,81,2025-12-14,8
2024-12-31,Rent662,PROD45,STC78,78,2025-06-06,17
2026-02-15,Rent663,PROD37,STC20,20,2025-07-21,18
2020-10-15,Rent664,PROD42,STC30,30,2026-02-17,20
2021-04-07,Rent665,PROD38,STC90,90,2025-11-15,17
2023-05-29,Rent666,PROD48,STC73,73,2024-12-22,3
2026-05-04,Rent667,PROD31,STC19,19,2024-06-27,18
2021-01-24,Rent668,PROD19,STC16,16,2024-10-27,4
2019-01-04,Rent669,PROD32,STC37,37,2024-08-12,10
2018-05-05,Rent670,PROD37,STC16,16,2026-01-14,13
2018-12-26,Rent671,PROD34,STC33,33,2024-12-15,19
2020-03-30,Rent672,PROD24,STC11,11,2025-10-04,7
2017-01-14,Rent673,PROD42,STC51,51,2026-05-21,3
2022-03-16,Rent674,PROD32,STC99,99,2026-08-22,9
2021-05-24,Rent675,PROD10,STC67,67,2025-04-02,7
2025-01-29,Rent676,PROD18,STC76,76,2025-10-20,11
2020-08-16,Rent677,PROD43,STC57,57,2026-07-12,11
2024-05-10,Rent678,PROD42,STC85,85,2025-05-16,7
2026-05-01,Rent679,PROD30,STC59,59,2026-01-12,12
2020-05-08,Rent680,PROD43,STC99,99,2025-10-24,13
2017-03-25,Rent681,PROD25,STC67,67,2026-07-31,9
2020-11-15,Rent682,PROD21,STC23,23,2026-01-03,9
2026-06-12,Rent683,PROD46,STC52,52,2025-04-15,18
2021-12-01,Rent684,PROD20,STC30,30,2025-02-10,2
2023-05-29,Rent685,PROD15,STC33,33,2024-09-11,10
2023-07-27,Rent686,PROD46,STC57,57,2025-10-12,4
2018-08-02,Rent687,PROD27,STC99,99,2026-03-28,16
2026-03-14,Rent688,PROD21,STC72,72,2025-10-11,4
2017-04-18,Rent689,PROD24,STC24,24,2025-04-29,8
2018-03-18,Rent690,PROD37,STC86,86,2025-09-24,20
2024-10-17,Rent691,PROD10,STC33,33,2025-11-07,1
2019-09-20,Rent692,PROD14,STC80,80,2026-07-10,12
2020-11-05,Rent693,PROD18,STC13,13,2025-10-04,6
2019-10-13,Rent694,PROD50,STC71,71,2025-12-30,3
2022-10-17,Rent695,PROD48,STC97,97,2026-03-21,13
2017-12-18,Rent696,PROD27,STC70,70,2025-06-13,2
2020-10-13,Rent697,PROD46,STC62,62,2025-02-06,19
2018-06-21,Rent698,PROD16,STC86,86,2026-01-31,8
2019-08-05,Rent699,PROD42,STC20,20,2025-01-21,4
2026-04-06,Rent700,PROD19,STC97,97,2024-11-24,6
2018-09-29,Rent701,PROD43,STC40,40,2026-05-13,4
2025-03-24,Rent702,PROD21,STC43,43,2025-12-24,14
2022-10-25,Rent703,PROD17,STC70,70,2025-06-13,12
2023-07-31,Rent704,PROD17,STC47,47,2025-04-20,11
2020-02-02,Rent705,PROD12,STC78,78,2026-06-06,11
2025-08-28,Rent706,PROD29,STC41,41,2024-09-29,8
2021-12-11,Rent707,PROD32,STC67,67,2024-11-29,1
2024-06-15,Rent708,PROD48,STC44,44,2026-05-08,19
2023-12-01,Rent709,PROD18,STC71,71,2026-01-14,20
2022-02-19,Rent710,PROD42,STC32,32,2025-02-23,19
2025-08-18,Rent711,PROD30,STC76,76,2025-09-07,15
2025-05-15,Rent712,PROD10,STC14,14,2025-04-12,20
2022-01-02,Rent713,PROD50,STC89,89,2025-08-01,6
2023-02-27,Rent714,PROD44,STC77,77,2025-07-21,10
2020-08-19,Rent715,PROD43,STC22,22,2025-01-30,3
2017-03-24,Rent716,PROD32,STC41,41,2026-02-03,15
2017-05-13,Rent717,PROD37,STC38,38,2026-06-16,6
2022-03-22,Rent718,PROD14,STC20,20,2024-07-20,9
2018-06-13,Rent719,PROD35,STC42,42,2026-01-10,3
2025-03-10,Rent720,PROD33,STC40,40,2025-02-17,13
2019-12-31,Rent721,PROD23,STC68,68,2024-08-23,5
2018-04-17,Rent722,PROD45,STC96,96,2024-12-18,18
2025-06-09,Rent723,PROD47,STC25,25,2026-01-28,6
2025-05-02,Rent724,PROD46,STC47,47,2026-07-07,15
2020-12-19,Rent725,PROD36,STC93,93,2026-04-27,11
2022-03-08,Rent726,PROD45,STC11,11,2026-04-20,18
2024-07-22,Rent727,PROD29,STC14,14,2025-04-29,20
2025-10-10,Rent728,PROD34,STC58,58,2025-01-07,17
2018-09-07,Rent729,PROD33,STC34,34,2026-03-10,9
2021-07-04,Rent730,PROD34,STC68,68,2024-09-03,17
2024-10-03,Rent731,PROD19,STC47,47,2024-10-09,7
2017-11-07,Rent732,PROD37,STC58,58,2025-01-18,8
2021-11-04,Rent733,PROD25,STC17,17,2024-07-30,9
2023-10-12,Rent734,PROD13,STC26,26,2026-04-04,19
2021-11-10,Rent735,PROD28,STC66,66,2024-09-12,18
2022-08-04,Rent736,PROD27,STC62,62,2025-09-22,10
2025-08-18,Rent737,PROD20,STC61,61,2025-08-26,5
2019-10-18,Rent738,PROD48,STC24,24,2026-05-28,2
2017-07-23,Rent739,PROD44,STC19,19,2025-01-29,12
2020-03-08,Rent740,PROD46,STC81,81,2025-08-18,2
2022-03-08,Rent741,PROD15,STC52,52,2026-06-29,11
2018-10-26,Rent742,PROD19,STC27,27,2026-01-16,15
2021-01-31,Rent743,PROD28,STC100,0,2024-10-04,4
2025-06-12,Rent744,PROD49,STC33,33,2026-04-25,14
2019-03-12,Rent745,PROD14,STC56,56,2025-01-01,5
2024-03-15,Rent746,PROD38,STC65,65,2025-05-15,6
2021-12-26,Rent747,PROD35,STC56,56,2025-12-19,5
2017-05-09,Rent748,PROD12,STC37,37,2026-05-02,5
2024-09-27,Rent749,PROD24,STC60,60,2026-06-02,8
2021-05-23,Rent750,PROD24,STC73,73,2025-06-10,17
2026-01-31,Rent751,PROD46,STC67,67,2025-10-13,9
2023-03-27,Rent752,PROD44,STC34,34,2026-05-15,13
2022-02-09,Rent753,PROD23,STC100,0,2025-12-28,3
2025-04-16,Rent754,PROD29,STC70,70,2025-11-22,3
2018-04-17,Rent755,PROD43,STC17,17,2026-06-06,4
2020-06-10,Rent756,PROD30,STC59,59,2026-02-12,3
2019-12-28,Rent757,PROD37,STC16,16,2025-02-08,9
2026-07-02,Rent758,PROD13,STC12,12,2025-01-14,10
2025-08-25,Rent759,PROD17,STC42,42,2025-02-05,5
2019-10-22,Rent760,PROD46,STC93,93,2025-06-12,5
2021-08-31,Rent761,PROD17,STC19,19,2025-06-27,12
2022-03-31,Rent762,PROD29,STC54,54,2025-06-17,7
2017-03-02,Rent763,PROD49,STC88,88,2025-03-17,10
2017-09-30,Rent764,PROD45,STC73,73,2024-09-17,7
2019-02-07,Rent765,PROD49,STC83,83,2026-01-28,8
2021-02-12,Rent766,PROD38,STC92,92,2026-07-29,1
2022-03-03,Rent767,PROD39,STC43,43,2025-02-23,12
2025-10-27,Rent768,PROD21,STC58,58,2026-03-31,6
2019-12-13,Rent769,PROD21,STC43,43,2025-11-24,7
2022-05-23,Rent770,PROD21,STC79,79,2026-07-27,10
2023-09-16,Rent771,PROD48,STC99,99,2026-08-27,5
2019-12-12,Rent772,PROD44,STC72,72,2025-10-24,11
2019-05-09,Rent773,PROD36,STC63,63,2025-07-16,20
2019-09-20,Rent774,PROD40,STC69,69,2024-11-13,19
2024-09-20,Rent775,PROD35,STC15,15,2026-01-23,14
2019-07-14,Rent776,PROD14,STC67,67,2025-02-09,13
2022-05-15,Rent777,PROD18,STC68,68,2025-05-09,15
2018-02-11,Rent778,PROD19,STC51,51,2025-07-15,17
2022-11-22,Rent779,PROD11,STC35,35,2026-04-07,4
2017-11-29,Rent780,PROD17,STC12,12,2024-11-18,19
2018-02-06,Rent781,PROD47,STC22,22,2024-09-21,9
2017-05-05,Rent782,PROD17,STC78,78,2024-08-27,10
2024-11-03,Rent783,PROD23,STC99,99,2026-05-24,4
2022-12-10,Rent784,PROD35,STC73,73,2025-09-20,5
2024-07-16,Rent785,PROD25,STC59,59,2025-03-26,1
2025-01-06,Rent786,PROD38,STC57,57,2026-01-11,12
2022-04-28,Rent787,PROD47,STC79,79,2024-11-11,11
2026-07-11,Rent788,PROD37,STC76,76,2026-06-14,9
2022-02-11,Rent789,PROD28,STC68,68,2026-05-29,20
2023-07-30,Rent790,PROD15,STC54,54,2025-01-24,20
2019-03-21,Rent791,PROD17,STC48,48,2025-10-09,15
2021-10-24,Rent792,PROD21,STC33,33,2026-04-07,7
2020-05-10,Rent793,PROD27,STC73,73,2024-11-28,9
2025-12-21,Rent794,PROD28,STC36,36,2024-10-15,4
2018-01-30,Rent795,PROD44,STC74,74,2025-04-25,12
2017-05-05,Rent796,PROD27,STC24,24,2025-01-22,4
2025-02-02,Rent797,PROD26,STC87,87,2025-07-20,19
2023-01-20,Rent798,PROD21,STC97,97,2026-05-07,16
2020-03-24,Rent799,PROD27,STC35,35,2024-09-27,19
2018-08-27,Rent800,PROD41,STC70,70,2025-02-19,6
2019-05-06,Rent801,PROD21,STC50,50,2025-09-13,20
2023-11-11,Rent802,PROD33,STC27,27,2024-09-01,6
2018-08-27,Rent803,PROD22,STC34,34,2026-02-15,16
2019-07-15,Rent804,PROD24,STC75,75,2024-09-10,2
2020-06-11,Rent805,PROD40,STC100,0,2025-03-10,1
2023-12-22,Rent806,PROD40,STC66,66,2025-11-06,8
2017-03-26,Rent807,PROD10,STC70,70,2026-02-20,15
2025-01-01,Rent808,PROD23,STC47,47,2026-03-13,13
2022-01-12,Rent809,PROD48,STC31,31,2025-10-29,4
2026-03-31,Rent810,PROD17,STC35,35,2025-04-12,15
2026-01-23,Rent811,PROD41,STC65,65,2025-08-24,5
2024-12-04,Rent812,PROD13,STC12,12,2026-05-08,18
2023-03-16,Rent813,PROD33,STC53,53,2025-10-26,7
2023-02-07,Rent814,PROD49,STC30,30,2026-06-12,6
2018-07-09,Rent815,PROD10,STC38,38,2025-11-11,13
2020-06-22,Rent816,PROD47,STC99,99,2025-03-15,20
2023-12-30,Rent817,PROD27,STC74,74,2026-06-13,6
2020-12-22,Rent818,PROD23,STC11,11,2024-09-12,15
2023-08-27,Rent819,PROD21,STC46,46,2024-11-06,17
2017-03-29,Rent820,PROD17,STC48,48,2025-02-08,17
2022-07-21,Rent821,PROD45,STC52,52,2025-01-03,7
2017-12-06,Rent822,PROD22,STC65,65,2026-06-10,10
2018-03-20,Rent823,PROD12,STC17,17,2025-09-09,2
2020-11-28,Rent824,PROD15,STC26,26,2024-09-09,11
2023-05-11,Rent825,PROD37,STC73,73,2025-11-14,1
2026-04-13,Rent826,PROD23,STC78,78,2025-09-09,16
2018-04-08,Rent827,PROD11,STC70,70,2026-06-18,2
2020-10-28,Rent828,PROD11,STC31,31,2025-01-01,12
2017-10-29,Rent829,PROD28,STC67,67,2025-02-13,17
2023-11-01,Rent830,PROD19,STC77,77,2025-08-02,17
2022-08-01,Rent831,PROD21,STC16,16,2026-01-04,8
2025-02-28,Rent832,PROD49,STC25,25,2025-09-28,6
2026-01-11,Rent833,PROD44,STC14,14,2026-01-25,5
2017-08-17,Rent834,PROD21,STC47,47,2025-05-04,9
2024-11-05,Rent835,PROD32,STC41,41,2025-05-28,9
2020-12-06,Rent836,PROD44,STC35,35,2026-05-30,2
2017-10-13,Rent837,PROD47,STC74,74,2024-10-07,4
2019-03-18,Rent838,PROD28,STC82,82,2025-01-22,2
2021-06-19,Rent839,PROD48,STC18,18,2025-07-24,14
2020-12-14,Rent840,PROD34,STC63,63,2025-06-09,12
2024-10-06,Rent841,PROD13,STC78,78,2026-06-27,6
2025-05-06,Rent842,PROD32,STC63,63,2026-05-08,6
2025-08-26,Rent843,PROD45,STC26,26,2025-09-23,20
2020-07-10,Rent844,PROD40,STC84,84,2024-12-19,12
2023-08-31,Rent845,PROD37,STC65,65,2024-08-24,11
2020-01-15,Rent846,PROD47,STC19,19,2025-09-18,20
2021-10-27,Rent847,PROD49,STC71,71,2025-08-29,4
2019-09-23,Rent848,PROD50,STC79,79,2025-11-11,3
2019-06-28,Rent849,PROD35,STC31,31,2025-06-29,1
2018-08-29,Rent850,PROD14,STC68,68,2026-07-08,9
2023-04-16,Rent851,PROD16,STC53,53,2025-01-22,5
2020-11-07,Rent852,PROD15,STC49,49,2026-06-15,3
2022-12-18,Rent853,PROD24,STC21,21,2025-08-27,18
2017-05-07,Rent854,PROD12,STC11,11,2026-01-08,1
2025-07-02,Rent855,PROD47,STC64,64,2025-10-05,17
2020-06-10,Rent856,PROD31,STC91,91,2026-01-23,1
2018-12-18,Rent857,PROD20,STC63,63,2026-03-19,19
2023-07-03,Rent858,PROD47,STC47,47,2026-05-24,18
2023-02-07,Rent859,PROD41,STC69,69,2026-08-05,1
2017-11-19,Rent860,PROD50,STC67,67,2024-11-16,3
2020-11-17,Rent861,PROD35,STC45,45,2026-04-11,13
2018-09-17,Rent862,PROD48,STC83,83,2025-12-28,2
2017-03-02,Rent863,PROD47,STC76,76,2024-10-07,3
2025-03-17,Rent864,PROD44,STC94,94,2026-02-28,14
2018-07-21,Rent865,PROD23,STC64,64,2026-07-23,18
2017-11-05,Rent866,PROD34,STC46,46,2025-04-02,17
2021-07-11,Rent867,PROD23,STC28,28,2025-07-06,2
2026-06-15,Rent868,PROD16,STC87,87,2025-05-04,14
2021-04-18,Rent869,PROD31,STC36,36,2025-09-17,12
2019-01-15,Rent870,PROD26,STC58,58,2024-12-13,4
2023-08-15,Rent871,PROD24,STC51,51,2025-12-27,9
2017-08-27,Rent872,PROD22,STC79,79,2025-02-08,7
2022-10-04,Rent873,PROD27,STC15,15,2025-04-01,15
2025-02-26,Rent874,PROD27,STC57,57,2024-12-18,15
2023-08-20,Rent875,PROD22,STC34,34,2026-05-03,9
2024-11-16,Rent876,PROD46,STC36,36,2025-01-01,4
2023-02-26,Rent877,PROD44,STC74,74,2025-01-20,1
2025-10-14,Rent878,PROD21,STC59,59,2025-11-03,3
2025-02-10,Rent879,PROD11,STC100,0,2025-04-04,13
2021-10-09,Rent880,PROD25,STC70,70,2024-10-12,9
2022-07-10,Rent881,PROD22,STC70,70,2025-02-04,8
2025-07-23,Rent882,PROD31,STC65,65,2025-06-30,4
2019-01-31,Rent883,PROD48,STC18,18,2024-06-27,4
2022-09-10,Rent884,PROD45,STC70,70,2025-12-23,11
2018-10-31,Rent885,PROD40,STC25,25,2026-04-06,3
2025-05-10,Rent886,PROD19,STC29,29,2025-12-29,8
2022-07-18,Rent887,PROD10,STC37,37,2025-12-14,6
2019-11-14,Rent888,PROD23,STC45,45,2025-09-02,17
2020-07-21,Rent889,PROD48,STC88,88,2025-02-15,16
2020-04-27,Rent890,PROD21,STC65,65,2024-09-26,16
2017-05-28,Rent891,PROD27,STC13,13,2026-01-26,17
2018-07-30,Rent892,PROD16,STC96,96,2025-03-06,5
2021-04-25,Rent893,PROD21,STC59,59,2026-01-03,5
2018-12-10,Rent894,PROD17,STC43,43,2026-05-10,14
2024-11-25,Rent895,PROD32,STC67,67,2025-02-11,20
2025-02-05,Rent896,PROD19,STC12,12,2025-04-16,3
2023-09-12,Rent897,PROD50,STC88,88,2025-06-22,6
2017-05-25,Rent898,PROD46,STC61,61,2025-04-30,8
2017-06-20,Rent899,PROD24,STC73,73,2025-03-27,11
2020-09-06,Rent900,PROD32,STC39,39,2024-12-05,10
2024-05-16,Rent901,PROD26,STC68,68,2024-11-02,11
2023-10-09,Rent902,PROD34,STC33,33,2026-06-14,3
2022-09-24,Rent903,PROD47,STC93,93,2025-06-19,17
2017-06-18,Rent904,PROD31,STC95,95,2026-07-15,6
2024-02-26,Rent905,PROD14,STC59,59,2025-03-01,8
2018-05-19,Rent906,PROD43,STC57,57,2024-11-06,2
2017-05-05,Rent907,PROD45,STC30,30,2026-03-23,5
2024-06-27,Rent908,PROD35,STC70,70,2026-01-02,19
2017-07-25,Rent909,PROD19,STC30,30,2025-02-26,17
2019-11-05,Rent910,PROD27,STC36,36,2025-01-01,7
2022-06-19,Rent911,PROD23,STC70,70,2025-08-21,1
2023-12-03,Rent912,PROD36,STC44,44,2025-01-22,11
2024-03-13,Rent913,PROD49,STC36,36,2025-05-15,17
2025-07-30,Rent914,PROD13,STC75,75,2025-03-19,13
2017-01-14,Rent915,PROD41,STC38,38,2025-07-19,9
2019-06-13,Rent916,PROD37,STC18,18,2026-03-05,12
2018-11-29,Rent917,PROD32,STC18,18,2026-04-25,11
2020-06-19,Rent918,PROD30,STC71,71,2026-03-11,15
2021-08-06,Rent919,PROD40,STC58,58,2025-08-08,4
2022-03-15,Rent920,PROD35,STC25,25,2025-04-09,12
2023-06-25,Rent921,PROD34,STC71,71,2024-11-22,10
2017-01-28,Rent922,PROD33,STC25,25,2025-12-04,16
2022-07-08,Rent923,PROD25,STC56,56,2026-05-10,19
2024-04-01,Rent924,PROD27,STC42,42,2024-10-09,2
2022-01-13,Rent925,PROD13,STC23,23,2026-01-21,16
2026-03-09,Rent926,PROD42,STC18,18,2024-09-13,10
2025-08-08,Rent927,PROD44,STC97,97,2025-05-16,1
2019-08-24,Rent928,PROD48,STC27,27,2025-05-09,20
2024-03-03,Rent929,PROD46,STC11,11,2025-10-07,13
2021-02-17,Rent930,PROD30,STC69,69,2025-03-16,20
2025-07-13,Rent931,PROD38,STC15,15,2024-10-03,11
2022-04-06,Rent932,PROD10,STC22,22,2025-05-25,9
2018-01-29,Rent933,PROD48,STC59,59,2025-03-11,3
2026-02-09,Rent934,PROD34,STC65,65,2025-11-27,17
2022-05-27,Rent935,PROD16,STC17,17,2025-04-29,17
2021-10-26,Rent936,PROD38,STC86,86,2025-06-28,19
2024-04-04,Rent937,PROD41,STC19,19,2024-09-28,20
2018-07-01,Rent938,PROD20,STC49,49,2025-01-30,10
2021-09-12,Rent939,PROD19,STC28,28,2026-04-22,18
2017-06-20,Rent940,PROD17,STC40,40,2026-05-10,12
2026-01-27,Rent941,PROD17,STC83,83,2025-10-28,11
2022-02-01,Rent942,PROD31,STC61,61,2025-10-31,17
2023-04-16,Rent943,PROD23,STC15,15,2024-12-10,12
2023-08-09,Rent944,PROD47,STC83,83,2024-09-09,4
2020-01-09,Rent945,PROD34,STC79,79,2026-05-11,12
2017-12-09,Rent946,PROD30,STC45,45,2024-11-19,17
2018-07-25,Rent947,PROD19,STC81,81,2025-08-25,8
2020-07-26,Rent948,PROD47,STC50,50,2026-05-20,18
2022-07-21,Rent949,PROD34,STC38,38,2026-05-12,20
2023-02-21,Rent950,PROD10,STC68,68,2024-10-31,7
2022-12-06,Rent951,PROD20,STC12,12,2024-08-28,1
2024-12-28,Rent952,PROD20,STC79,79,2025-01-22,17
2017-08-30,Rent953,PROD45,STC10,10,2024-06-23,17
2024-04-14,Rent954,PROD26,STC11,11,2025-01-04,12
2017-01-18,Rent955,PROD16,STC32,32,2025-09-06,9
2026-04-01,Rent956,PROD40,STC12,12,2024-07-16,18
2017-07-26,Rent957,PROD21,STC20,20,2025-12-07,16
2026-04-12,Rent958,PROD11,STC51,51,2026-07-16,1
2019-05-22,Rent959,PROD46,STC27,27,2025-09-14,20
2025-05-15,Rent960,PROD44,STC63,63,2024-12-06,16
2018-08-21,Rent961,PROD43,STC41,41,2025-02-07,20
2025-07-05,Rent962,PROD40,STC46,46,2025-10-11,5
2022-05-02,Rent963,PROD47,STC81,81,2025-02-13,12
2020-04-30,Rent964,PROD29,STC58,58,2024-09-04,10
2017-01-20,Rent965,PROD19,STC53,53,2025-01-15,6
2018-07-16,Rent966,PROD10,STC92,92,2026-03-03,19
2017-04-05,Rent967,PROD49,STC12,12,2025-07-19,7
2024-08-31,Rent968,PROD10,STC14,14,2025-09-26,17
2023-01-24,Rent969,PROD11,STC80,80,2024-10-26,9
2025-08-25,Rent970,PROD12,STC23,23,2025-05-09,11
2017-03-22,Rent971,PROD14,STC77,77,2026-03-26,12
2018-01-22,Rent972,PROD15,STC36,36,2025-03-30,20
2022-08-11,Rent973,PROD21,STC78,78,2024-11-18,5
2025-07-06,Rent974,PROD18,STC58,58,2026-05-03,14
2022-11-01,Rent975,PROD38,STC18,18,2026-04-28,19
2021-03-23,Rent976,PROD49,STC43,43,2026-01-21,12
2019-07-23,Rent977,PROD46,STC39,39,2025-12-22,4
2021-12-18,Rent978,PROD37,STC10,10,2025-12-31,13
2017-04-06,Rent979,PROD23,STC81,81,2025-03-24,17
2024-09-02,Rent980,PROD21,STC83,83,2024-12-03,3
2017-05-23,Rent981,PROD19,STC97,97,2026-07-09,2
2017-11-07,Rent982,PROD13,STC78,78,2025-05-07,14
2019-03-02,Rent983,PROD41,STC18,18,2025-01-31,9
2020-06-13,Rent984,PROD11,STC74,74,2025-06-11,2
2021-10-08,Rent985,PROD36,STC27,27,2024-12-17,19
2023-12-07,Rent986,PROD42,STC61,61,2025-06-19,16
2017-07-17,Rent987,PROD19,STC39,39,2024-12-15,10
2020-12-29,Rent988,PROD34,STC97,97,2026-07-08,1
2021-08-16,Rent989,PROD42,STC66,66,2025-04-03,8
2018-12-16,Rent990,PROD47,STC13,13,2025-06-23,4
2018-11-25,Rent991,PROD23,STC85,85,2026-08-16,16
2021-09-15,Rent992,PROD27,STC71,71,2025-02-25,12
2024-04-05,Rent993,PROD16,STC55,55,2024-12-28,13
2020-07-06,Rent994,PROD47,STC89,89,2024-11-17,5
2019-06-24,Rent995,PROD44,STC46,46,2026-04-26,17
2021-10-20,Rent996,PROD36,STC46,46,2025-01-25,17
2025-06-28,Rent997,PROD23,STC25,25,2025-08-03,19
2020-11-16,Rent998,PROD49,STC100,0,2024-10-02,10
2024-10-17,Rent999,PROD42,STC73,73,2025-11-14,2
